College Name,Library (2023-24),New Equipment for Laboratories (2023-24),Engineering Workshops (2023-24),Studios (2023-24),Other expenditure on creation of Capital Assets (2023-24),Library (2022-23),New Equipment for Laboratories (2022-23),Engineering Workshops (2022-23),Studios (2022-23),Other expenditure on creation of Capital Assets (2022-23),Library (2021-22),New Equipment for Laboratories (2021-22),Engineering Workshops (2021-22),Studios (2021-22),Other expenditure on creation of Capital Assets (2021-22),Salaries (2023-24),Maintenance of Academic Infrastructure or consumables and other running expenditures (2023-24),Seminars/Conferences/Workshops (2023-24),Salaries (2022-23),Maintenance of Academic Infrastructure or consumables and other running expenditures (2022-23),Seminars/Conferences/Workshops (2022-23),Salaries (2021-22),Maintenance of Academic Infrastructure or consumables and other running expenditures (2021-22),Seminars/Conferences/Workshops (2021-22)
Dr. B.R. Ambedkar Nit Jalandhar Nirf Engineering 2025,25470848,46033470,1233726,,365337010,32320345,62608921,937514,,64803488,30328469,64923148,958749,,13103429,1040001873,561357360,4405930,1017832091,266888715,3428035,753824026,327937598,2197815
Malaviya Nit Nirf Overall 2025,41769208,144640332,5608988,2647100,157768265,44422715,194057394,0,492000,54480323,22127897,18038747,0,0,19390781,1115926229,648184814,10590418,1025257809,393252055,8379698,988181636,399877947,4030327
Maulana Azad Nit Nirf Overall 2025,42570792,68312206,223359599,247664,207706270,18364088,17935738,49328653,857688,105907735,53622727,28914883,93839064,1567728,191785583,1201870764,597115418,8541704,1062894552,621541196,10598622,994062202,168423545,3647494
Motilal Nehru Nit Nirf Overall 2025,40117830,62087891,1199504,0,64367666,84493600,51498989,1075334,0,144187795,58842750,39590170,902613,299642,377894677,1086305265,951302532,6348126,1090861681,1085425738,9399625,890400832,747488659,7371741
Nit Agartala Nirf Engineering 2025,17571732,6496839,21093466,,926462,24956,6663000,2725000,,1023000,12930,230833000,3009000,,15342000,524295509,465028132,387633,537084000,5704190000,413000,428675000,362147000,5000
Nit Andhra Pradesh Nirf Overall 2025,5972282,70626525,13451334,0,80052084,672738,17435066,2981687,0,29010403,881433,17427449,2328600,0,0,165359215,133194740,2065950,200008989,61378251,235618,110460550,7286334,469500
Nit Arunachal Pradesh Nirf Overall 2025,15800925,118837300,26697160,642996,241132249,9231332,172182562,94081011,443973,205532921,8536825,123100000,61992630,4235385,52300000,239842565,335340011,18415995,183883666,147666344,21012959,199617303,24117607,16935372
Nit Calicut Nirf Overall 2025,76443532,400907837,21845275,2934343,419475391,66466009,244789093,15664244,2584600,132301127,7724315,215549653,9019423,1785350,162225830,2244927551,1036721232,29890930,1575663478,1195881716,32017052,1316892468,701356515,24777649
Nit Delhi Nirf Engineering 2025,29271765,143187034,2907785,,808259596,10912400,58717915,1609934,,196961986,11279465,2218400,0,,20191987,256274260,526810598,1271070,249488618,202135308,292167,175378257,193278798,256116
Nit Durgapur Nirf Overall 2025,104709673,34653626,0,0,5175023,102063587,90244980,0,0,50204938,64127625,52083144,1250000,0,44522568,1346277937,336276063,1134096,1132043313,389765365,846724,1098033571,409227504,2044770
Nit Goa Nirf Overall 2025,6150182,7197733,20453287,0,2444722,0,10012458,2287014,0,2585169,355205,3228743,3139626,0,6370189,180662416,202994209,2672658,176203803,167017993,277155,154089828,83816566,480986
Nit Hamirpur Nirf Overall 2025,52657284,80737711,8776791,838000,8851792,14428468,102803753,145265,0,6643661,22499446,70237516,63728,0,11049227,616240748,433089347,2202405,556319830,402463608,1422711,545408742,408350335,1388776
Nit Jamshedpur Nirf Engineering 2025,64619296,37165334,7808673,,117932029,26960364,40039505,15642801,,205437744,16159011,32702870,10276185,,116807266,892977412,470807984,16800642,740051982,325776674,6575955,654305850,270257352,2872735
Nit Kurukshetra Nirf Overall 2025,34026000,22806000,20127000,0,96807000,36730573,21739204,30369437,0,128420884,30389473,144113742,57134465,0,2307912,1048784000,358315000,14524000,1035470000,382870000,19994914,990442000,386617000,3845000
Nit Manipur Nirf Engineering 2025,,,,,,,,,,,,,,,,,,,,,,,,
Nit Meghalaya Nirf Overall 2025,24124587,39496932,3470187,0,99441194,16861743,142778633,99515262,0,81677607,14376948,132653331,4094541,0,30480857,292798170,73692129,7729632,217245251,59528568,2642184,217748440,45566401,56500
Nit Mizoram Nirf Overall 2025,3379798,44674740,25401272,0,41775509,1113893,19013733,22145315,0,83566902,15724235,28254698,6285972,0,1837541,128551647,147501531,8503584,105437616,100763863,3911645,81960191,61191591,2380341
Nit Nagaland Nirf Engineering 2025,713500,24636968,1950665,,278620267,371980,11876866,2712375,,18522411,2351962,243558602,3820586,,12914298,117888587,178302688,2311349,90926484,172245369,2712077,90039693,89244884,1902515
Nit Patna Nirf Overall 2025,19043160,38361122,0,0,48214940,25380636,7611992,159680,0,18966527,86769210,16737706,695090,0,16151220,726962202,416862252,10405353,716610620,412452878,11620926,625005056,287604438,27499926
Nit Puducherry Nirf Overall 2025,11629684,91303913,724231,0,20106750,2651004,138214986,248738,0,63043503,1664511,112499794,3736238,0,53045079,201817285,109306681,4724245,188350956,89330583,5715969,133034833,69557543,1187275
Nit Raipur Nirf Overall 2025,18776749,31602388,3430394,0,54899237,17165385,33890450,1037925,2478,52906875,16999181,34407590,1774500,0,104276120,821355595,425473688,7237917,730215651,386633508,4783808,627962879,353600708,1027492
Nit Rourkela Nirf Overall 2025,72063052,81511869,10033345,3989200,274366493,42230406,120611205,2457429,2785851,97721003,20758825,109741407,40950683,471680,19294798,1438307087,1519387069,37625961,1220295150,1293886009,96117869,1130293351,1001070959,23973538
Nit Silchar Nirf Overall 2025,88560600,77580942,44365986,0,52186849,84602832,73671825,33970290,0,48461935,76142442,69765676,32419148,0,44063602,890373102,521900561,29587637,807348905,445997512,27954134,687260400,420066763,17602092
Nit Srinagar Nirf Overall 2025,25246509,47231985,6261517,0,139395946,44416208,88975857,2235820,30000000,100939887,26232277,59205988,7270980,34000000,286444629,895915850,725389122,25612560,769914171,594322906,12665392,634425953,493608538,769899
Nit Surathkal Nirf Overall 2025,62311577,452001358,57511059,6858525,1039789220,60292768,1078378262,91327111,7248536,833963984,56502054,645588899,17595230,2724170,603768043,1458058274,1576328475,8921600,1341309464,1364427696,449654,1219057190,1391304458,3009463
Nit Uttarakhand Nirf Overall 2025,12851320,11435715,156533,0,9401622,5636151,11566843,51532,0,23923849,10377766,1034822,2123556,0,5144792,173347252,3476137,1450103,183838765,1521784,1697147,168051997,1775860,745652
Nit Warangal Nirf Engineering 2025,61208287,131846194,12493884,,72766807,59099482,281512097,16338135,,182281558,55052090,148347864,16246719,,53012681,1289147390,1388646412,76575245,1214818000,1181716694,49386214,1028599459,871437903,29020967
Sardar Vallabhbhai Nit Nirf Engineering 2025,55696364,100219284,1401969,,382997473,63342666,137213329,25904832,,113666784,32208869,61669792,4631191,,81933275,1025370217,616922275,8116174,871689788,611739957,7190579,807976584,585730455,8160475
Visvesvaraya Nit Nirf Overall 2025,20535132,61888764,282807,181404,187391115,19088000,56149000,5243056,618944,247250000,26194000,79920000,963000,562676,276775181,1637174251,680256994,29936503,1306047000,380737000,31188000,1134330000,329607000,6019000
